<?xml version="1.0" encoding="UTF-8"?>
<beans xmlns="http://www.springframework.org/schema/beans"
xmlns:xsi="http://www.w3.org/2001/XMLSchema-instance"
xmlns:context="http://www.springframework.org/schema/context"
xmlns:p="http://www.springframework.org/schema/p"
xsi:schemaLocation="http://www.springframework.org/schema/beans
http://www.springframework.org/schema/beans/spring-beans.xsd
http://www.springframework.org/schema/context
http://www.springframework.org/schema/context/spring-context.xsd">

<context:annotation-config/>
<bean class="com.springDemo.xmlAnnot.Employee" name="emp1">
	<property name="name" value="Utkarsh"></property>
</bean>
<bean class="com.springDemo.xmlAnnot.Address" name="address1">
	<property name="city" value="Pune"></property>
	<property name="state" value="Maharashtra"></property>
</bean>

<context:annotation-config/>
<bean class="com.springDemo.xmlAnnot.Employee" name="emp2">
	<property name="name" value="Ram"></property>
</bean>
<bean class="com.springDemo.xmlAnnot.Address" name="address2">
	<property name="city" value="Mumbai"></property>
	<property name="state" value="Maharashtra"></property>
</bean>


</beans>